,,,,,,,,,Hs_Own,P-List,P_PLow,Ck_Finish,Frq_Cking,Red_Int,TL_Red_Int,Int_CK_Finsh,Frq_PP,PcVmoney,Ef_FdW_Env,Wcost.mney_Me,Fd_Nwsted,R_Fd_Resp,Fd_Nwst_HH,Wst_Guilt,RB_Fd_Nwst,FdW_Avd,R_FdW_Bdt,E_Lftover,Av-Price,hs2,Wst_Guilt_2,Red_Int_2,Frq_FdW,Self-Reported,Direct Weighed
HFIMI,HFS_ADLT,FDW,Gen_Hed,Age-Hed,Edu_Hed,Marital_Hed,HH_Size,Income_Hed,Hs_Own,P-List,P_PLow,Cook_fn,Cook_frq,Redc_Int,TL_Redc_int,Int_Cook_fn,Purch_frq,PV_Money,Eff_Env,Cost_mny,Fd_nt_sted,Redc_Resp,Fd_nt_hh,Fl_guilt,Rzd.b_Nw,FdW_Avd,Rdc_Bdt,Eat_lftv,Av-Price,hs2,Wst_Guilt_2,Red_Int_2,Frq_FdW,Self_rp,Direct_wd
0.7671229,0.871730568,2,0,31,13,0,2,1,0,0,1,1,1,2,1,1,2,1,0,0,1,3,2,3,4,3,3,0,3000,1,1,0,3,0.043,0.466
0.6816893,0.210397932,5,1,35,8,1,4,2,1,1,4,2,2,3,2,3,6,0,1,0,4,1,2,1,2,0,3,1,2000,4,0,1,3,0.071,0.1644
0.8174114,0.346360763,5,1,29,10,1,3,0,0,0,3,2,3,3,2,3,7,1,0,1,1,2,1,1,4,0,2,1,1500,3,1,1,3,0.045,0.247
0.6806412,0.233096301,7,0,28,12,0,1,1,0,1,0,1,2,4,3,3,3,1,2,0,3,4,4,1,2,0,3,1,3000,4,0,1,2,0.007,0.378
0.7519411,0.39996867,1,1,54,11,1,5,1,1,0,4,0,3,4,3,4,4,2,1,0,1,0,2,0,3,0,3,1,2500,2,1,1,3,0.011,0.206
0.7376897,0.83828375,4,1,32,7,0,1,1,0,0,2,2,1,3,0,1,3,2,0,0,4,3,3,0,4,2,4,1,1500,1,0,1,2,0.025,0.362
0.6233827,0.117177199,1,1,56,7,1,6,1,1,0,1,0,3,1,3,4,3,0,0,0,4,1,3,0,2,2,4,1,3000,6,0,0,3,0.047,0.119
0.6598945,0.158628486,2,0,48,7,0,5,1,1,0,4,1,1,2,3,2,3,2,0,0,3,3,2,0,4,4,0,1,2500,5,0,0,1,0.06,0.322
0.7556968,0.222263765,6,1,56,8,1,7,1,1,0,1,2,3,4,0,1,4,2,0,1,4,0,2,0,4,3,3,1,3500,4,0,1,3,0.024,0.426
0.6497992,0.246136061,4,0,39,7,0,3,2,0,1,0,1,3,3,1,4,5,0,2,1,2,1,2,3,3,0,0,0,2000,3,1,1,2,0.007,0.1574
0.6921216,0.293271864,1,1,37,11,1,3,1,0,0,4,1,2,3,0,2,3,0,2,0,4,1,0,0,2,3,4,0,4000,3,0,1,2,0.001,0.0632
0.6228709,0.171118379,3,1,21,13,1,4,1,0,2,3,0,2,0,1,4,3,1,1,0,3,2,4,1,3,4,0,1,2500,4,1,0,2,0.007,0.105
0.7225769,0.133810537,6,1,40,10,1,6,1,1,0,3,2,3,1,2,4,5,1,0,1,1,4,2,1,2,0,2,1,2500,6,1,0,3,0.07,0.204
0.6756259,0.6756259,4,1,31,9,0,1,2,0,2,1,2,2,0,3,2,3,1,1,0,0,4,2,3,2,4,1,0,1500,1,1,0,2,0.015,0.162
0.7446293,0.396079415,4,1,32,4,0,2,2,1,0,0,1,2,3,1,3,4,2,1,1,4,4,1,4,2,1,3,1,1200,2,1,1,1,0.05,0.124
0.714938,0.1429876,2,0,45,10,1,6,1,1,1,1,1,1,2,3,1,2,1,0,0,4,1,2,4,4,3,3,1,3500,6,1,0,1,0.002,0.069
0.6390477,0.202230285,8,0,27,11,0,1,2,1,0,0,2,2,2,2,2,2,2,2,1,3,2,3,1,4,3,4,0,4000,4,0,0,2,0,0.142
0.6660065,0.354258777,1,1,51,7,1,3,1,1,0,0,0,2,2,0,2,4,0,1,1,3,1,4,2,2,2,4,0,2500,2,0,0,3,0.017,0.0906
0.7481622,0.2493874,6,0,62,10,1,5,1,1,0,1,2,2,2,3,3,4,1,2,1,3,2,1,1,4,3,2,1,2000,4,1,0,2,0.035,0.112
0.705762,0.309544737,1,1,50,11,1,5,1,0,1,4,2,3,1,2,3,3,1,1,1,2,2,3,3,3,2,3,1,2500,3,1,0,2,0.015,0.076
0.7733188,0.411339787,1,1,36,8,0,2,1,0,1,2,2,1,3,1,4,4,1,2,1,1,3,0,0,2,3,3,1,1500,2,0,1,2,0.001,0.1828
0.6683625,0.522158203,3,0,18,16,0,2,2,0,1,4,2,3,4,4,3,7,0,0,1,4,2,4,4,3,2,3,0,2000,2,1,1,1,0.022,0.137
0.6604752,0.257998125,1,1,44,11,1,6,2,1,0,4,0,3,0,3,3,5,2,1,1,4,1,1,2,1,4,3,1,3200,3,0,0,2,0.04,0.159
0.6091225,0.6091225,6,1,34,9,0,1,1,0,0,1,2,2,3,1,2,3,0,0,0,4,3,4,1,3,2,3,1,2000,1,0,1,2,0.014,0.123
0.6523751,0.198894848,1,1,45,7,1,4,1,1,2,2,2,2,4,0,2,2,2,0,0,4,3,3,1,1,1,2,1,5000,4,1,1,1,0.065,0.173
0.6331056,0.168379149,2,0,48,11,0,4,1,0,0,2,1,3,2,3,4,1,2,0,0,1,0,1,2,4,3,2,1,2500,4,0,0,2,0.03,0.114
0.7157791,0.245129829,1,1,33,9,1,4,1,1,0,0,2,3,1,4,4,3,1,1,1,0,3,2,0,3,2,1,1,2500,4,0,0,3,0.005,0.0838
0.7534103,0.198265868,2,0,38,11,0,5,1,0,0,1,0,2,2,3,0,4,1,0,0,3,4,3,2,4,2,2,0,2000,5,0,0,3,0.017,0.0712
0.827347,0.175285381,8,1,39,11,0,3,2,0,0,3,1,2,3,3,3,3,2,1,0,2,3,4,1,1,3,0,1,1800,6,1,1,3,0.05,0.1008
0.7061276,0.189819247,2,0,42,7,0,4,1,1,1,1,1,3,2,2,1,3,1,0,1,1,1,2,3,4,2,2,0,2500,4,1,0,2,0.08,0.1102
0.681734,0.213041875,1,1,32,11,1,4,1,0,0,4,1,3,1,1,4,3,1,0,0,2,4,4,1,3,2,2,0,2000,4,0,0,2,0.041,0.0298
0.5868747,0.176769488,1,0,28,10,1,2,1,0,0,1,1,3,2,2,3,3,1,1,0,2,1,3,0,3,1,0,1,2000,4,0,0,3,0.03,0.708
0.6191747,0.276417277,6,1,36,6,1,5,1,1,0,4,1,3,3,0,3,6,2,0,0,3,3,2,3,1,4,4,1,2500,3,1,1,1,0.021,0.78
0.6630087,0.352664202,6,0,36,11,0,2,1,0,2,2,2,3,4,1,2,3,1,0,0,3,2,3,2,2,0,1,1,2000,2,0,1,1,0.003,0.0588
0.536176,0.231110345,7,0,62,13,1,3,1,1,2,4,2,3,4,3,1,4,0,0,0,1,3,3,2,4,0,1,1,4000,3,0,1,2,0.012,0.412
0.634329,0.145488303,1,1,68,7,1,5,1,1,2,1,2,2,2,1,3,4,1,1,1,3,1,1,3,3,3,3,1,4000,5,1,0,2,0.014,0.1846
0.6168592,0.214187222,6,1,50,11,1,3,1,0,2,1,2,2,3,1,3,4,1,1,1,2,3,3,3,3,3,3,1,3500,3,0,1,2,0.012,0.0774
0.6273267,0.13519972,2,0,58,13,1,5,2,1,2,4,2,3,3,1,2,4,2,1,1,3,3,3,3,3,3,3,1,7000,5,0,1,2,0.003,0.314
0.6055159,0.123072337,1,1,60,7,1,6,1,1,2,1,2,3,3,1,3,3,2,1,1,3,1,1,3,2,3,3,1,4000,6,0,1,2,0.03,0.1632
0.7818878,0.444254432,2,0,45,11,1,4,1,1,2,1,2,3,3,3,2,3,1,0,1,3,1,4,3,3,3,3,1,5000,2,0,1,2,0.025,0.2166
0.5843285,0.20289184,7,1,51,6,1,6,1,1,2,1,2,3,3,2,2,5,1,1,1,3,3,2,3,1,2,2,1,6000,3,0,1,2,0.013,0.191
0.6717129,0.173121881,1,0,43,12,0,4,1,1,2,1,2,3,4,1,3,5,2,0,1,3,1,3,3,2,3,0,1,3000,5,1,1,2,0.004,0.275
0.6250173,0.236748977,2,0,56,9,0,3,2,1,2,4,2,2,4,0,1,4,1,0,1,3,3,0,1,3,3,3,1,5000,3,0,1,2,0.054,0.3112
0.5967465,0.139426752,3,1,35,13,0,5,1,1,2,4,2,3,3,1,1,5,1,1,1,3,3,4,3,3,1,1,1,7000,5,1,1,1,0.037,0.0754
0.6220447,0.099051704,4,0,41,8,1,8,1,1,2,4,0,3,3,2,3,2,2,1,1,4,2,0,1,4,1,1,1,7000,8,0,1,1,0,0.234
0.5893926,0.156753351,2,1,52,12,1,4,2,1,0,1,1,3,2,3,2,5,1,1,1,0,3,3,3,3,3,3,1,2000,4,1,0,1,0.018,0.2176
0.6105014,0.277500636,3,0,32,6,0,3,2,1,2,2,2,3,3,1,3,5,2,0,1,4,1,0,2,3,3,4,1,4000,3,0,1,2,0.025,0.1692
0.6815441,0.134162224,4,0,70,4,0,6,1,1,2,2,2,3,3,3,3,4,1,0,1,3,1,1,2,3,3,3,0,5000,6,0,1,2,0.038,0.1616
0.5900983,0.106901866,5,1,58,7,1,6,2,1,2,2,1,3,3,1,2,3,1,0,1,3,2,3,3,4,2,3,1,5000,6,1,1,2,0.03,0.2154
0.536998,0.138401546,1,1,40,8,1,5,1,1,0,1,2,3,3,2,0,3,1,1,1,3,3,4,3,3,3,1,1,7000,5,1,1,2,0.014,0.3054
0.6017119,0.211870387,1,1,33,10,1,4,1,1,2,4,2,3,3,1,3,3,2,1,1,3,3,3,4,3,3,3,1,4000,4,1,1,2,0.011,0.102
0.6693541,0.190157415,3,1,61,11,1,5,2,1,2,1,2,2,3,2,3,4,1,0,0,3,3,3,1,4,3,3,1,7000,4,0,1,2,0.004,0.838
0.5940633,0.170707845,3,1,59,7,1,4,1,1,2,3,2,3,3,2,3,3,1,1,1,3,3,2,3,2,3,3,0,5000,4,1,1,2,0.008,0.1172
0.6891371,0.177612655,1,1,38,10,1,5,1,1,2,3,2,3,3,1,3,3,2,1,1,3,1,3,3,1,3,3,1,7000,5,1,1,2,0.009,0.0496
0.5361681,0.130137888,3,1,78,6,1,5,1,1,1,3,2,3,3,0,3,4,1,0,1,3,3,3,3,3,3,3,1,4000,5,1,1,2,0.007,0.117
0.7765265,0.329036653,2,0,28,10,0,3,1,0,0,1,2,2,1,4,4,3,1,0,1,2,1,2,3,4,4,1,1,2500,3,1,0,1,0.016,0.0726
0.5914859,0.168035767,7,1,50,7,1,5,1,1,2,1,2,3,1,2,3,5,1,1,1,3,3,3,3,1,3,4,1,4000,4,1,0,2,0.001,0.136
0.5618882,0.15962733,3,1,41,7,1,4,1,1,2,4,2,3,3,3,2,3,2,1,1,3,3,3,4,3,2,3,1,6000,4,1,1,2,0.01,0.0848
0.5949027,0.181372774,3,1,45,11,1,4,2,0,2,1,2,3,3,3,3,3,2,1,1,3,3,0,1,3,3,3,1,5000,4,0,1,2,0.026,0.32
0.5791526,0.178750802,2,0,50,8,0,4,2,1,2,2,2,2,3,1,2,3,1,0,1,3,3,2,3,3,3,3,1,4000,4,1,1,2,0.039,0.0614
0.500366,0.072727616,7,1,73,13,1,9,1,1,1,1,1,3,3,2,3,5,1,1,1,2,3,0,0,3,2,1,1,7000,9,0,1,2,0.034,0.077
0.5584957,0.249328438,1,1,60,10,1,5,1,1,2,4,2,3,3,2,3,5,1,1,1,2,3,2,0,3,3,4,1,6000,3,0,1,2,0.01,0.42
0.7263987,0.171320448,7,1,37,6,1,5,1,1,2,1,2,3,3,3,3,3,1,1,1,3,3,4,3,1,2,3,1,3000,5,1,1,2,0.003,0.188
0.6528935,0.259084722,2,0,50,11,0,3,1,1,0,1,2,2,2,2,3,2,1,1,1,3,3,3,3,3,2,3,1,5000,3,1,0,2,0.0015,0.084
0.527925,0.093603723,4,1,65,7,1,7,2,1,0,2,0,3,4,1,3,3,2,0,1,3,3,1,3,2,0,3,1,5000,7,1,1,2,0.002,0.25
0.5748649,0.252133728,2,1,47,11,1,5,2,1,0,3,2,3,0,4,2,4,1,1,1,2,1,4,0,1,2,3,1,5000,3,0,0,1,0.006,0.0108
0.5638338,0.414583676,3,0,35,11,0,2,1,1,2,3,2,3,4,3,4,6,1,1,0,4,3,4,4,3,3,1,1,2000,2,1,1,2,0.015,0.321
0.6329509,0.147885724,4,1,61,13,1,5,2,1,2,2,2,3,2,1,3,4,2,0,1,3,2,3,1,3,2,1,1,3000,5,0,0,2,0.033,0.1058
0.6297529,0.130114236,4,1,65,9,1,6,2,1,1,4,2,3,2,2,1,4,1,1,0,3,1,2,0,4,2,1,1,5000,6,0,0,2,0.022,0.163
0.572768,0.118340496,2,0,40,8,1,5,2,1,2,1,2,3,3,3,1,3,1,1,1,3,1,1,3,3,3,1,1,6000,5,1,1,2,0,0.081
0.6030071,0.126682164,7,0,49,11,1,7,2,1,2,1,2,3,3,1,2,3,1,1,1,3,1,1,3,1,2,3,1,5000,7,1,1,1,0.026,0.274
0.6445224,0.126874488,4,1,72,9,1,6,1,1,2,4,2,2,3,2,3,5,1,0,1,3,3,3,3,3,3,3,1,5000,6,0,1,1,0.023,0.131
0.6892384,0.282474754,2,0,47,10,0,4,2,1,2,4,2,2,1,3,3,3,2,1,1,3,2,3,3,3,3,3,1,5000,4,0,0,1,0.02,0.1196
0.5975034,0.133371295,2,1,60,12,1,6,2,1,2,1,2,3,0,1,3,4,0,2,1,2,3,4,3,3,3,3,0,5000,6,1,0,2,0.075,0.094
0.5803959,0.190919704,1,1,54,9,1,5,2,1,0,2,2,2,1,3,1,1,1,1,1,2,3,4,3,3,3,2,1,8500,4,1,0,2,0.022,0.1182
0.5243983,0.111101335,7,1,70,11,1,9,2,1,0,1,2,3,1,2,0,3,0,0,0,3,3,2,3,1,1,0,1,7000,6,1,0,1,0.031,0.0096
0.5505567,0.160045552,2,1,62,11,1,5,2,1,0,4,2,3,1,2,3,3,1,1,1,3,0,2,1,2,3,3,1,7000,4,0,0,2,0.017,0.0618
0.5731382,0.11462764,7,1,43,13,1,6,2,1,2,1,2,3,3,3,3,3,0,2,1,3,3,0,3,1,3,3,1,6000,6,1,1,2,0.031,0.053
0.6311203,0.114333388,3,1,58,11,1,7,1,1,2,1,2,3,1,3,3,7,1,1,1,1,3,4,3,3,1,3,1,2500,7,1,0,3,0.033,0.171
0.6527802,0.17933522,2,1,61,12,1,5,2,1,2,0,2,3,1,1,3,2,1,1,1,3,3,3,3,2,1,3,1,6000,5,1,0,2,0.001,0.0836
0.5627392,0.203891014,2,1,44,9,1,3,2,0,2,4,2,3,3,3,3,2,0,0,1,3,3,3,3,3,3,3,0,3000,3,1,1,2,0.034,0.242
0.6380553,0.111548129,4,1,71,11,1,7,2,1,0,2,1,2,3,1,3,4,2,0,1,3,3,1,0,1,1,3,0,6000,7,0,1,2,0.021,0.0454
0.6096754,0.117245269,2,1,48,14,1,6,2,1,2,4,2,2,2,2,3,4,1,1,1,3,3,4,3,3,3,3,1,3000,6,1,0,1,0.017,0.139
0.6106356,0.2035452,4,0,39,9,0,4,1,1,2,1,2,1,3,2,1,3,1,1,0,3,3,3,2,2,2,1,1,4000,4,0,1,2,0.013,0.049
0.5819996,0.141262039,4,1,51,8,1,5,2,1,2,1,2,2,1,1,1,3,1,1,1,2,2,1,3,4,3,3,1,4000,5,1,0,3,0.02,0.096
0.5190596,0.109046134,2,1,60,12,1,7,2,1,0,1,1,3,3,3,2,3,1,1,1,3,3,4,3,4,1,4,1,6000,6,1,1,3,0.034,0.1162
0.6411799,0.208175292,4,0,45,10,0,4,1,0,0,3,2,1,1,0,2,3,1,0,1,3,3,3,3,3,1,3,1,2000,4,1,0,2,0,0.039
0.6163869,0.135172566,1,1,60,10,1,5,1,1,2,2,2,2,1,2,4,5,1,0,0,3,3,3,1,2,2,3,1,3000,5,0,0,2,0.014,0.134
0.5286959,0.132173975,1,0,45,8,0,5,2,1,1,3,1,3,3,1,2,4,1,1,0,3,3,4,4,4,3,1,1,4000,5,1,1,3,0.04,0.734
0.5355288,0.100663308,3,1,59,11,1,6,2,1,2,4,2,3,3,3,3,3,1,1,1,2,3,1,1,3,3,3,1,6000,6,0,1,2,0.014,0.356
0.6240053,0.152942475,1,1,35,11,1,5,2,0,0,1,2,3,3,3,3,3,1,1,0,3,3,3,3,3,3,2,1,5000,5,1,1,2,0.003,0.276
0.5995474,0.108613659,7,1,68,14,1,7,1,1,0,3,1,3,3,3,2,7,1,1,0,3,3,1,2,3,3,1,1,2000,7,0,1,1,0.01,0.232
0.6299943,0.171194103,2,0,65,12,0,5,2,1,2,3,2,2,3,3,1,3,2,1,1,3,3,3,3,4,1,3,0,6000,5,1,1,2,0.001,0.1126
0.5879296,0.816568889,2,0,28,11,0,1,2,1,0,2,0,3,3,1,1,2,1,1,1,3,1,4,3,4,1,3,0,5000,1,1,1,2,0.012,0.045
0.7725273,0.134119323,1,0,52,9,0,7,1,1,2,2,2,3,3,3,3,5,2,1,1,3,3,1,3,3,1,3,1,6000,7,1,1,2,0.01,0.134
0.5702412,0.123965478,4,1,46,10,1,6,2,1,2,1,2,3,3,2,1,4,1,0,1,1,3,3,3,2,3,1,1,4000,6,1,1,2,0.034,0.186
0.6697452,0.103355741,1,1,49,13,1,8,1,1,2,1,2,3,4,2,3,4,2,1,1,3,3,1,3,3,1,2,1,3000,8,1,1,1,0.012,0.074
0.5362651,0.098578143,6,1,52,12,1,7,2,1,0,4,0,3,2,0,4,4,1,0,0,2,0,0,3,1,3,3,1,4000,7,1,0,2,0.07,0.116
0.6082994,0.16711522,1,0,60,7,0,4,2,1,2,1,2,3,4,4,1,3,1,2,0,4,1,4,4,1,4,4,1,2000,5,1,1,1,0.04,0.1062
0.6694825,0.174344401,6,1,45,9,0,4,1,1,2,1,1,3,3,1,4,5,1,1,1,2,4,3,1,4,2,2,1,2500,4,0,1,3,0.012,0.215
0.6025724,0.165541868,1,1,48,10,1,6,1,1,0,4,2,3,0,3,4,6,0,2,0,3,0,3,2,1,3,2,0,2500,4,0,0,3,0.016,0.087
0.7392445,0.39321516,1,1,28,11,1,3,1,0,0,1,2,3,3,4,2,4,0,1,0,2,1,2,1,1,3,2,1,1500,2,0,1,3,0.024,0.0594
0.7139042,0.166800047,5,1,52,10,1,6,1,1,2,2,1,3,3,0,3,4,0,1,1,3,2,2,2,3,3,2,1,2000,6,0,1,3,0.09,0.0254
0.5965611,0.142038357,1,1,50,10,1,5,1,1,2,1,2,3,3,3,3,5,1,2,1,3,3,3,2,1,2,4,1,5000,5,0,1,2,0.02,0.078
0.5591817,0.113654817,8,1,40,10,1,3,2,1,0,4,1,3,3,1,2,5,2,2,1,3,1,0,1,4,3,0,0,3500,6,0,1,2,0.006,0.0564
0.4903175,0.117864784,8,1,55,12,1,4,2,1,2,4,1,3,3,4,4,7,2,2,1,2,3,1,0,4,0,0,0,4000,5,0,1,2,0.003,0.196
0.5109863,0.121663405,2,0,55,13,0,5,2,1,2,0,2,3,4,2,3,5,2,1,1,3,4,1,4,4,0,1,0,2000,5,1,1,2,0.012,0.0504
0.496083,0.217580263,2,1,40,6,1,5,2,1,2,1,2,3,3,2,3,5,2,2,1,4,4,4,3,1,3,4,0,5000,3,1,1,1,0.057,0.1136
0.557152,0.180893506,3,1,60,7,1,4,2,1,2,4,2,3,3,1,2,4,2,2,1,3,2,3,1,3,3,1,1,7000,4,0,1,1,0.015,0.1278
0.5661004,0.12750009,2,0,40,11,0,5,2,1,0,1,1,2,3,1,1,7,1,1,1,3,2,0,2,2,2,1,1,3000,5,0,1,3,0.033,0.056
0.5974011,0.216449674,7,1,37,14,1,5,2,1,2,3,1,3,4,2,3,5,1,1,1,2,2,4,4,2,2,3,1,5000,3,1,1,1,0.01,0.0418
0.6705377,0.184213654,1,1,32,7,1,3,1,1,1,3,2,3,3,2,3,4,1,1,0,2,1,1,0,1,4,3,0,5000,4,0,1,2,0.022,0.1084
0.7561638,0.859277045,2,0,34,10,0,1,1,1,0,2,2,2,2,2,3,3,0,1,1,2,3,2,1,2,4,3,0,2000,1,0,0,2,0.02,0.546
0.5709574,0.156856429,8,1,22,11,1,2,1,1,0,1,2,3,3,3,2,5,2,2,1,3,2,2,2,1,2,4,1,5000,4,1,1,1,0.023,0.0946
0.625109,0.256192213,2,1,43,10,1,4,1,1,2,4,2,3,3,2,2,7,2,1,0,3,2,1,0,4,2,4,1,3000,3,1,1,2,0.004,0.0826
0.621926,0.160290206,8,0,67,9,0,4,1,1,2,1,2,2,3,2,4,3,1,2,1,3,0,1,1,1,3,1,0,5000,5,0,1,2,0.016,0.083
0.7148436,0.150177227,7,1,27,11,1,5,1,1,2,1,1,3,3,3,2,4,0,1,1,3,2,0,1,2,3,1,1,5000,5,0,1,2,0.024,0.1118
0.5900422,0.223500833,1,1,25,12,1,2,1,0,2,2,2,3,3,1,3,6,1,2,1,2,3,3,1,2,2,3,1,3000,3,0,1,2,0.022,0.0692
0.6400595,0.222242882,7,1,30,7,1,4,1,1,2,4,2,3,3,3,0,5,0,2,1,3,3,3,3,2,3,4,1,5000,3,1,1,1,0.042,0.1544
0.5779812,0.174090723,5,1,32,8,1,4,1,1,1,1,2,3,3,3,2,6,1,1,0,2,2,1,3,3,3,3,0,4000,4,1,1,1,0.024,0.0956
0.5393238,0.158624647,1,1,50,8,1,7,2,1,2,1,1,3,2,0,3,7,2,2,0,3,2,2,1,3,2,3,0,4000,4,0,0,2,0.02,0.295
0.5298855,0.147190417,1,1,36,13,1,4,1,1,0,4,1,3,3,2,3,4,1,1,0,3,2,4,3,1,2,3,0,3500,4,1,1,3,0.025,0.0406
0.6305102,0.127118992,3,1,35,11,1,6,1,1,2,4,2,3,3,1,2,3,1,1,1,3,2,2,3,4,4,4,1,5000,6,1,1,3,0.022,0.0846
0.6949847,0.6949847,3,1,30,13,0,1,1,1,0,1,1,2,3,3,3,4,1,1,1,2,3,3,3,3,4,3,1,2000,1,1,1,1,0.02,0.0978
0.5779117,0.15369992,3,1,35,11,1,4,2,0,2,4,2,3,4,1,4,7,2,2,1,2,1,0,1,4,1,4,1,3000,4,0,1,2,0.08,0.1304
0.5351244,0.199673284,1,1,32,8,1,3,1,1,2,4,2,3,3,2,2,5,1,2,0,3,4,4,4,4,2,2,0,4000,3,1,1,2,0.033,0.1094
0.6084437,0.183266175,7,1,38,11,1,5,2,0,2,1,2,2,3,4,4,5,1,2,0,4,0,3,2,2,4,4,0,3000,4,0,1,1,0.045,0.0416
0.7164794,0.14329588,8,1,50,13,1,3,1,1,2,2,1,2,3,3,2,5,1,1,1,2,2,0,0,1,3,2,1,3000,6,0,1,1,0.057,0.0212
0.6775857,0.360417926,1,1,25,11,1,2,2,0,0,2,2,3,3,1,2,5,1,1,0,3,4,1,1,2,3,3,1,4000,2,0,1,1,0.006,0.036
0.6028957,0.12773214,3,1,42,12,1,5,2,1,2,1,0,3,3,2,4,5,1,1,1,3,2,3,2,3,1,3,1,5000,5,0,1,2,0.012,0.0984
0.5750194,0.14375485,8,0,45,10,0,4,2,1,0,1,0,3,3,2,2,5,1,1,1,3,1,0,3,1,3,3,0,4000,5,1,1,2,0.032,0.1128
0.6225693,0.152590515,2,1,35,9,1,4,1,1,0,0,2,3,2,3,3,4,1,2,1,2,2,3,2,2,3,3,0,4000,4,0,0,2,0,0.1308
0.6287397,0.182773169,4,1,35,11,1,4,1,1,1,2,2,3,4,2,2,5,1,0,0,4,2,3,4,2,0,1,0,5000,4,1,1,1,0.022,0.1136
0.614446,0.229270896,1,1,28,9,1,3,1,1,1,1,1,3,3,2,2,4,2,0,1,3,2,2,3,4,2,3,0,3500,3,1,1,2,0.015,0.0952
0.5539115,0.142760696,1,1,45,11,1,4,2,1,0,3,1,3,3,1,4,4,1,0,1,2,2,4,3,3,3,2,1,3000,4,1,1,1,0.023,0.0538
0.545122,0.131038942,8,1,38,12,1,5,2,1,0,3,0,3,4,1,2,5,0,1,0,2,3,4,3,1,2,2,0,5000,5,1,1,1,0.01,0.282
0.6283914,0.184821,3,1,33,11,1,4,1,1,2,3,0,3,3,3,3,6,1,1,1,3,4,3,4,1,2,3,0,3000,4,1,1,2,0.021,0.339
0.5054532,0.154101585,1,1,38,13,1,4,2,0,2,1,2,3,1,4,4,7,1,2,1,4,4,1,4,1,4,4,0,5000,4,1,0,1,0.07,0.0338
0.5855453,0.239977582,7,1,35,13,1,4,1,1,2,2,2,3,4,2,3,3,1,2,1,2,1,0,3,3,4,3,1,5000,3,1,1,2,0.002,0.0216
0.6217882,0.330738404,3,1,25,11,1,2,1,1,2,2,2,3,4,2,3,6,2,2,0,2,4,0,0,2,0,2,0,3000,2,0,1,2,0.014,0.225
0.5618594,0.177803608,1,1,47,9,0,2,2,1,0,2,1,1,3,0,2,5,1,1,1,1,2,2,1,4,2,2,0,2000,4,0,1,2,0.13,0.1658
0.4960552,0.174667324,4,1,36,8,1,4,3,1,0,4,2,3,2,3,0,5,1,0,1,4,2,2,0,4,2,4,0,4000,4,0,0,2,0.035,0.2358
0.5725399,0.15227125,1,1,25,11,1,2,1,0,2,4,1,3,4,1,0,4,0,2,1,3,4,4,1,3,2,1,0,4000,4,0,1,2,0.062,0.148
0.6408005,0.202784968,3,1,30,8,1,5,2,1,2,1,2,2,4,4,2,4,1,0,1,3,0,1,0,1,3,1,1,3000,5,0,1,2,0.028,0.0998
0.5713918,0.14284795,5,1,35,11,1,5,2,1,1,4,2,3,4,4,2,3,1,2,1,3,1,3,4,4,4,3,0,4000,5,1,1,2,0.049,0.0976
0.6676489,0.172074459,7,1,22,13,1,2,2,1,0,0,1,2,3,2,2,5,0,0,0,3,2,2,1,1,1,4,1,2000,5,0,1,2,0.015,0.0364
0.646607,0.283599561,1,0,28,11,0,3,2,1,2,4,2,2,3,3,3,5,1,2,0,2,3,3,3,1,4,4,0,3000,3,1,1,1,0.01,0.154
0.698574,0.698574,3,1,33,11,0,1,1,0,0,1,1,2,3,3,4,3,1,0,0,3,1,3,3,1,4,4,1,3000,1,1,1,2,0.012,0.1874
0.5931634,0.161185707,4,1,40,13,1,5,2,1,2,1,1,1,4,2,1,5,1,2,1,4,1,4,4,2,1,4,0,5000,5,1,1,1,0.08,0.139
0.4637398,0.087829508,2,1,42,13,1,7,2,1,2,4,2,3,3,4,2,3,2,1,1,3,3,3,4,1,4,4,0,5000,7,1,1,2,0.06,0.112
0.514345,0.162767405,5,1,35,13,1,4,2,1,0,4,2,3,2,3,2,6,1,1,1,3,1,2,4,1,4,1,1,5000,4,1,0,3,0.033,0.0616
0.5754694,0.299723646,3,1,26,10,1,3,1,0,2,4,1,3,2,4,3,4,2,2,1,4,4,4,4,1,4,4,1,3000,3,1,0,3,0.01,0.143
0.5389431,0.132093897,1,1,47,8,1,5,2,1,2,1,1,3,4,2,4,7,1,2,0,3,3,4,4,1,1,2,1,4000,5,1,1,2,0.035,0.115
0.55721,0.145106771,3,1,35,10,1,4,2,1,0,4,1,3,1,2,1,5,0,1,1,4,4,3,2,3,3,4,1,3000,4,0,0,1,0.001,0.292
0.4986092,0.140058764,2,1,33,11,1,5,2,0,0,1,2,3,2,0,2,2,1,1,1,3,1,4,2,3,4,4,1,3500,5,0,0,1,0.042,0.1188
0.552698,0.088573397,5,1,52,8,1,8,2,1,0,4,2,3,1,0,4,4,1,1,0,1,2,2,4,1,2,2,0,5000,8,1,0,2,0.043,0.162
0.5862287,0.166542244,8,1,25,11,0,1,1,0,2,2,0,3,2,0,3,2,2,2,0,4,1,2,0,1,3,3,0,5000,5,0,0,2,0.015,0.0704
0.5386235,0.140266536,1,1,52,9,1,4,1,1,0,1,0,3,3,3,4,4,1,1,1,1,3,2,4,2,2,4,1,3000,4,1,1,1,0.012,0.0898
0.5540062,0.139900556,4,1,45,7,1,4,1,1,2,3,0,3,4,1,2,6,2,2,1,4,1,1,2,4,4,1,0,5000,4,0,1,3,0.061,0.1506
0.5545562,0.129569206,2,1,42,12,1,6,1,1,2,1,2,3,4,2,3,6,2,2,1,4,4,4,4,4,3,3,1,2500,6,1,1,2,0.074,0.1124
0.5945215,0.31623484,2,1,32,11,1,2,1,1,1,4,2,3,4,2,3,7,2,2,1,4,4,4,4,1,4,4,0,2000,2,1,1,2,0.006,0.0798
0.5748554,0.350521585,3,1,24,11,1,2,1,1,2,4,1,3,4,0,4,5,0,0,0,4,1,1,2,1,2,2,0,2000,2,0,1,1,0.025,0.068
0.5150529,0.321908063,8,1,28,10,1,2,1,1,2,1,2,3,4,0,1,7,2,0,1,3,4,0,2,1,4,4,0,3000,2,0,1,1,0.01,0.1082
0.550284,0.112763115,2,1,50,11,1,6,2,1,2,4,2,3,3,4,3,7,2,1,1,4,3,1,3,4,3,4,0,6000,6,1,1,1,0.045,0.0578
0.6140174,0.199356299,2,1,36,10,1,4,2,1,0,2,2,3,4,3,4,6,1,2,1,4,4,3,2,4,4,4,0,2000,4,0,1,1,0.031,0.1386
0.5177471,0.106972541,1,1,30,14,1,5,2,1,2,2,2,3,4,4,4,7,1,1,1,1,2,3,4,3,4,3,0,2500,5,1,1,3,0.012,0.0578
0.6202179,0.258424125,8,1,33,11,0,1,1,0,0,4,0,1,1,0,3,7,0,0,1,4,3,3,1,3,2,4,1,1300,3,0,0,3,0.063,0.1312
0.6379301,0.498382891,2,1,28,10,0,2,2,0,2,1,2,3,4,1,2,3,2,1,1,4,3,4,3,2,3,3,0,2000,2,1,1,2,0.011,0.1128
0.5876122,0.163225611,1,1,60,7,1,7,2,1,0,0,0,3,3,2,3,6,0,1,1,2,3,3,2,3,1,2,1,3000,5,0,1,2,0.015,0.1122
0.6141176,0.225778529,6,1,56,12,0,4,1,1,2,1,1,3,3,2,2,5,2,0,1,3,2,3,4,1,2,1,1,2000,4,1,1,1,0.003,0.0104
0.6016834,0.143257952,7,1,32,10,1,5,1,1,0,2,1,2,3,2,1,3,0,1,0,1,1,3,4,2,1,2,1,2500,5,1,1,2,0.022,0.1154
0.525673,0.113291595,2,1,46,13,1,7,1,1,0,2,1,3,3,1,2,4,0,2,0,1,4,3,4,4,3,0,0,3000,7,1,1,3,0.015,0.0316
0.4136165,0.129255156,1,1,55,12,1,6,1,1,0,3,2,3,3,4,4,3,1,2,0,4,4,1,3,4,1,3,1,3000,4,0,1,2,0.041,0.0294
0.5061054,0.136049839,5,1,52,9,1,5,1,1,0,3,2,3,4,1,4,3,1,2,1,2,2,4,3,2,2,4,1,5000,5,0,1,2,0.015,0.194
0.4685461,0.113724782,3,1,50,13,1,4,1,1,0,1,2,2,4,2,2,7,1,2,1,1,2,4,4,1,3,1,1,3000,5,0,1,2,0.025,0.0106
0.482948,0.548804545,1,0,28,11,0,1,1,0,2,1,2,1,3,1,3,6,2,2,1,4,3,4,4,3,4,2,0,3000,1,0,1,2,0.012,0.0846
0.4579893,0.112252279,1,1,45,10,1,6,1,1,0,4,2,3,3,0,3,7,1,2,0,3,2,2,3,1,1,3,0,4000,4,1,1,2,0.011,0.0626
0.4400724,0.203737222,6,0,60,14,0,4,1,1,0,1,2,3,3,1,3,7,1,2,1,2,1,0,4,1,4,1,1,3000,3,0,1,3,0.061,0.107
0.4760098,0.110187454,3,1,50,13,1,6,2,1,0,4,2,3,4,3,1,3,0,2,0,2,1,1,4,4,2,1,0,5000,6,0,1,2,0.014,0.0856
0.4915324,0.170670972,2,0,28,11,0,3,2,0,0,1,2,3,4,2,3,7,1,2,1,2,3,2,4,4,3,1,0,3000,3,1,1,2,0.071,0.1882
0.3573281,0.146445943,8,1,38,10,1,3,2,1,2,1,2,3,2,2,3,4,2,2,1,1,2,1,1,3,3,3,1,5000,3,0,0,2,0.012,0.0792
0.5317353,0.192657717,2,0,27,11,0,3,2,0,0,4,2,2,4,1,2,7,1,2,1,3,0,3,4,4,4,1,0,3000,3,1,1,3,0.032,0.374
0.5253893,0.164184156,7,0,36,10,0,4,2,1,0,4,2,3,4,2,4,7,1,2,1,4,3,4,1,1,4,4,0,3000,4,0,1,2,0.065,0.074
0.5160512,0.167549091,1,1,42,10,1,6,1,0,2,1,2,3,4,4,4,7,1,2,1,3,4,3,4,4,3,3,0,5000,4,1,1,2,0.026,0.188
0.2974268,0.049242848,1,1,70,9,1,8,3,1,2,4,2,3,3,4,3,2,1,2,0,3,4,4,4,1,4,1,1,5000,7,1,1,3,0.018,0.109
0.5894538,0.150370867,2,1,41,10,1,5,1,0,2,2,2,3,4,2,2,2,1,2,1,4,2,4,4,1,4,1,0,3000,5,1,1,2,0.042,0.0518
0.4592772,0.166404783,7,1,29,11,1,3,1,1,0,1,2,3,4,3,3,7,1,0,1,2,2,1,4,2,3,1,1,2500,3,1,1,2,0.028,0.057
0.2641294,0.076781802,4,0,42,10,0,5,2,1,0,4,2,3,4,1,2,7,1,2,0,4,4,4,1,1,1,2,1,3000,5,0,1,2,0.017,0.0904
0.5310798,0.104543268,2,1,53,12,1,7,1,1,0,1,2,3,4,4,4,7,1,2,0,4,1,2,4,2,2,4,1,4000,7,1,1,2,0.04,0.121
0.4955739,0.131801569,2,1,36,8,1,4,2,0,2,4,2,3,2,4,3,6,2,2,1,2,2,3,1,4,4,4,1,3500,4,0,0,3,0.075,0.1508
0.5291119,0.132277975,3,1,38,11,1,5,2,0,0,4,2,3,4,2,2,7,1,2,1,4,2,2,1,4,4,1,1,2500,5,0,1,2,0.031,0.0738
0.596899,0.2984495,5,0,70,13,1,3,1,1,0,1,2,3,4,4,4,7,1,1,0,2,1,1,4,1,4,2,0,2000,3,1,1,3,0.037,0.0212
0.5044432,0.2522216,1,0,26,16,0,3,2,0,0,2,2,2,3,2,4,7,1,2,1,3,3,4,4,1,4,1,1,2500,3,1,1,2,0.275,0.0332
0.4142784,0.07787188,2,1,49,10,1,6,1,1,2,1,2,3,4,2,4,7,1,2,1,3,3,1,4,1,4,1,1,4000,6,1,1,2,0.046,0.1098
0.5282065,0.118965428,3,1,60,13,1,6,2,1,0,4,2,3,0,2,4,7,1,2,1,2,1,0,0,4,4,1,1,3000,6,0,0,2,0.005,0.0246
0.5561107,0.161660087,2,0,50,11,0,4,2,1,0,4,2,3,4,2,1,7,0,2,1,4,2,4,3,2,1,1,1,3000,4,1,1,2,0.013,0.0358
0.5735014,0.270519528,1,1,38,11,0,3,2,0,0,4,2,2,1,3,3,3,1,2,0,3,3,3,2,4,4,4,1,5000,3,0,0,2,0.05,0.241
0.3154054,0.085707989,3,0,32,10,1,4,2,0,2,1,2,2,4,4,4,3,2,0,1,4,4,4,1,1,0,2,1,5000,4,0,1,3,0.011,0.191
0.5185035,0.09820142,5,1,52,8,1,7,1,1,0,4,2,3,3,2,4,7,1,2,1,4,2,0,3,3,4,1,1,4000,7,1,1,2,0.023,0.1182
0.5189111,0.209238347,1,1,74,11,1,3,1,1,0,1,2,3,4,4,0,7,0,1,1,4,4,1,4,4,4,1,1,2000,3,1,1,3,0.021,0.104
0.5238265,0.113875326,2,0,45,12,1,6,2,1,0,1,2,3,4,3,1,7,1,2,1,3,4,3,4,3,4,2,1,3500,6,1,1,3,0.05,0.0308
0.5720585,0.201429049,6,1,60,12,0,4,1,1,0,4,2,2,3,2,4,7,0,0,1,4,4,1,4,3,4,1,1,2500,4,1,1,2,0.024,0.0758
0.5459409,0.189562813,2,1,28,11,1,3,2,0,2,1,2,3,4,4,4,7,1,2,0,4,4,4,2,4,4,1,1,2500,3,0,1,3,0.036,0.344
0.4753166,0.201405339,1,1,46,8,1,3,2,1,0,1,2,3,4,2,3,7,1,2,0,4,4,3,4,2,3,1,1,5000,3,1,1,3,0.053,0.0698
0.5137228,0.103573145,3,1,58,7,1,6,2,1,0,4,1,3,4,1,4,7,1,2,0,4,4,4,4,1,4,2,0,4000,6,1,1,3,0.017,0.234
0.6037154,0.321125213,5,0,30,10,0,4,1,1,0,4,2,2,3,4,3,7,1,1,1,3,3,2,3,4,2,1,1,3000,2,1,1,2,0.124,0.1312
0.5504299,0.292781862,1,1,25,10,1,2,2,0,0,1,2,3,3,4,4,7,1,2,1,3,2,4,3,3,3,1,1,3000,2,1,1,3,0.045,0.0252
0.5822403,0.087161722,8,0,40,11,0,3,2,1,0,4,2,3,4,0,3,7,1,1,0,3,3,0,3,1,2,3,0,2000,9,1,1,2,0.085,0.0696
0.4507725,0.111577351,3,1,38,12,1,5,2,1,0,1,2,3,4,1,2,4,1,2,1,3,3,0,1,2,4,4,1,5000,5,0,1,2,0.017,0.0352
0.6033284,0.215474429,5,0,60,11,1,4,1,1,0,2,2,3,3,2,4,7,1,2,1,4,4,4,3,1,3,2,1,2500,4,1,1,2,0.034,0.101
0.560378,0.209096269,2,0,36,13,0,4,2,1,0,2,2,3,3,3,4,7,1,1,0,3,4,3,3,3,4,1,1,3000,4,1,1,2,0.027,0.0588
0.4616339,0.202471009,2,1,29,11,1,3,2,0,2,3,2,3,1,3,3,3,0,2,1,3,3,1,2,1,2,1,1,7000,3,0,0,2,0.145,0.1328
0.5569166,0.163799,1,1,72,12,1,9,2,1,0,1,2,3,3,1,3,7,1,1,0,4,4,2,2,3,3,1,1,5000,4,0,1,2,0.014,0.0522
0.5601023,0.153874258,8,1,30,13,0,3,2,0,0,4,2,3,4,1,4,7,1,2,1,4,4,4,4,4,4,4,1,2000,4,1,1,3,0.065,0.164
0.5162661,0.129066525,2,1,61,9,1,6,2,1,0,1,2,3,2,1,4,7,1,2,1,4,3,4,3,3,2,4,1,3000,5,1,0,2,0.055,0.134
0.3477833,0.092495559,2,1,49,14,1,7,2,1,0,1,2,3,3,2,3,7,1,2,1,3,2,1,1,4,2,3,1,4000,5,0,1,2,0.243,0.0208
0.4290064,0.112896421,5,0,59,12,0,5,2,1,0,4,2,3,3,4,0,7,2,1,1,2,3,4,3,4,1,2,1,4000,5,1,1,2,0.015,0.0376
0.4537275,0.192257415,2,1,38,11,1,3,2,0,0,4,2,3,4,4,3,7,1,2,1,4,4,3,3,3,3,1,0,2500,3,1,1,3,0.027,0.0406
0.5476625,0.187555651,1,1,38,12,1,4,2,0,2,1,2,3,3,2,1,2,1,2,0,3,4,2,1,1,3,1,1,4000,4,0,1,2,0.063,0.0366
0.4803135,0.157997862,2,0,58,10,0,4,2,1,0,3,2,3,3,1,3,7,1,1,0,4,4,2,3,1,1,4,1,2500,4,1,1,2,0.016,0.0998
0.596733,0.414397917,1,1,25,13,0,2,2,0,0,3,2,2,3,3,4,3,1,1,1,4,3,3,3,2,1,4,0,6000,2,1,1,3,0.041,0.0328
0.5706933,0.142673325,1,1,62,9,1,6,2,1,0,4,2,3,4,1,2,7,1,2,1,3,4,4,3,3,1,2,1,3000,5,0,1,3,0.025,0.1596
0.6147047,0.158429046,2,0,25,10,0,1,2,0,1,1,1,3,2,1,3,4,0,0,1,3,2,3,3,3,3,1,1,2500,4,0,0,3,0.309,0.1166
0.5653914,0.642490227,2,0,30,10,0,1,2,0,0,2,1,3,4,2,1,3,0,0,0,4,3,2,3,3,2,1,0,2000,1,1,1,2,0.056,0.1462
0.6173205,0.701500568,1,1,43,13,0,1,1,1,0,2,1,3,4,2,3,3,1,1,1,4,4,3,3,2,2,3,0,3500,1,1,1,2,0.021,0.0582
0.4242842,0.129354939,5,1,38,13,1,4,2,1,0,3,2,3,2,1,3,7,1,2,1,4,4,2,4,3,3,1,1,2500,4,1,0,2,0.019,0.145
0.6025445,0.198205428,1,0,26,12,0,2,2,0,0,3,2,2,4,1,2,7,1,2,1,4,1,3,1,1,1,3,1,1500,4,0,1,2,0.036,0.458
0.4924622,0.261947979,3,1,40,11,1,2,2,0,0,4,2,3,1,0,2,7,1,2,1,3,3,4,3,3,3,0,1,2500,2,1,0,2,0.069,0.1214
0.4337421,0.08674842,8,0,60,14,1,5,2,1,0,1,2,3,3,1,3,7,1,2,1,4,2,3,3,1,3,1,1,4000,6,1,1,2,0.08,0.0268
0.5304342,0.5304342,2,1,52,7,1,6,1,1,2,1,2,3,4,3,3,3,2,2,0,4,4,4,0,1,0,2,0,5000,1,0,1,2,0.206,0.129
0.5552541,0.347033813,2,1,67,12,1,2,1,1,0,4,2,3,4,3,3,7,1,2,1,4,4,3,3,4,3,1,1,3500,2,1,1,2,0.01,0.0994
0.5602258,0.250100804,1,0,70,8,0,3,1,1,0,1,2,3,4,2,4,7,1,2,1,3,3,4,4,4,1,1,1,3000,3,1,1,2,0.026,0.1516
0.5839921,0.24745428,8,1,47,9,0,4,2,0,1,4,0,2,3,4,1,4,0,0,0,1,3,1,2,1,4,3,0,4000,3,0,1,2,0.012,0.0274
0.6639611,0.33198055,1,0,42,13,0,3,1,0,0,1,1,2,0,3,2,5,1,2,1,3,3,2,4,1,2,0,1,1300,3,1,0,2,0.023,0.0374
0.6451185,0.273355297,2,1,37,13,1,3,1,0,0,4,2,3,3,3,2,5,1,1,1,4,3,0,0,2,3,1,1,2000,3,0,1,2,0.015,0.0752
0.6451983,0.201624469,1,1,47,11,1,4,1,0,0,0,2,3,4,2,4,5,1,1,0,2,1,3,1,1,2,3,1,2000,4,0,1,2,0.003,0.106
0.66356,0.754045455,1,0,24,10,0,1,1,0,0,0,2,2,3,4,2,3,0,1,1,3,3,1,1,1,4,3,0,2000,1,0,1,2,0.028,0.0468
0.4879636,0.358796765,2,0,25,8,0,2,2,0,0,1,1,2,3,4,0,5,0,1,1,1,1,4,3,4,3,2,1,2000,2,1,1,2,0.022,0.0914
0.5828857,0.134927245,8,1,55,13,1,5,1,1,0,4,0,3,3,1,0,4,0,2,0,4,2,0,0,2,0,0,0,3000,5,0,1,3,0.013,0.0816
0.6780569,0.220148344,2,0,63,8,0,3,1,1,0,0,2,2,4,4,2,7,1,0,1,4,3,3,4,2,1,4,1,3000,3,1,1,2,0.018,0.0366
0.6139413,0.168665192,1,1,40,7,1,4,2,0,1,0,1,2,1,4,3,2,0,0,1,2,2,4,3,2,0,2,0,1500,4,1,0,2,0.02,0.1584
0.6157542,0.12315084,6,1,49,13,1,6,1,1,1,0,1,3,4,1,2,4,2,1,0,2,3,1,1,3,1,3,1,3000,6,0,1,1,0.015,0.0428
0.6056713,0.182431114,1,1,53,9,1,7,1,1,0,1,0,3,3,2,2,4,0,0,1,4,3,1,3,3,2,3,0,3000,4,1,1,2,0.09,0.1154
0.6527361,0.6527361,1,1,28,11,0,1,1,0,0,1,2,2,2,3,3,3,0,0,1,2,3,3,3,2,3,3,1,1500,1,1,0,3,0.06,0.0876
0.6739885,0.276224795,2,1,28,13,0,1,1,0,0,1,1,1,0,4,4,3,0,1,0,3,1,4,3,2,3,2,1,2000,3,1,0,2,0.012,0.388
0.6967851,0.414753036,1,0,25,11,0,1,1,0,0,0,1,2,4,4,2,3,1,1,0,2,3,3,1,1,0,3,1,1000,2,0,1,2,0.004,0.0538
0.6322206,0.6322206,2,1,35,12,0,1,2,0,0,2,1,1,1,3,3,3,2,1,0,3,3,3,2,2,2,3,0,1500,1,0,0,2,0.025,0.177
0.5853019,0.18522212,7,1,22,10,1,1,1,0,0,2,2,3,2,0,4,3,1,0,1,4,2,3,0,1,4,4,1,3000,4,0,0,2,0.221,0.0834
0.5737214,0.214075149,1,1,48,12,1,3,1,1,0,3,2,3,2,3,4,3,1,2,1,4,4,1,0,1,1,4,1,6000,3,0,0,2,0.035,0.0372
0.5952042,0.173024477,6,1,50,13,1,4,1,1,0,3,2,3,2,3,2,4,1,2,1,4,4,2,0,1,4,4,1,5000,4,1,0,2,0.022,0.0626
0.5718867,0.198571771,1,1,38,12,1,4,1,1,1,4,2,3,3,1,2,4,2,1,1,2,4,4,3,3,4,1,1,6000,3,1,1,2,0.015,0.0578
0.6083054,0.118809648,7,1,45,11,1,6,1,1,2,4,1,3,2,3,2,7,1,0,0,3,1,2,3,2,3,1,1,3000,6,1,0,2,0.04,0.0678
0.5626005,0.158033848,2,1,48,10,0,5,2,1,0,1,2,3,4,3,3,5,1,2,0,4,3,3,3,1,3,1,1,3000,5,1,1,2,0.045,0.0656
0.5943351,0.260673289,5,1,28,11,1,3,1,1,0,4,2,3,4,2,3,4,2,2,1,3,2,1,3,1,1,3,1,5000,3,1,1,3,0.048,0.1048
0.7954657,0.37521967,1,1,26,13,1,3,1,0,2,4,2,3,4,2,2,4,1,1,1,2,2,4,2,2,3,2,1,3000,3,0,1,2,0.027,0.0398
0.7402943,0.393773564,1,1,25,12,1,2,1,0,2,4,2,3,3,1,0,4,1,2,0,2,2,3,2,4,2,3,1,6000,2,0,1,2,0.03,0.1434
0.5458094,0.164400422,2,1,45,12,0,4,1,1,1,1,2,3,0,2,0,4,1,1,1,2,3,3,3,1,3,2,1,5000,4,1,0,2,0.035,0.0422
0.5846165,0.171946029,8,1,26,12,1,3,1,0,0,4,1,3,3,2,3,3,1,1,0,2,3,0,2,3,3,3,1,5000,4,0,1,2,0.02,0.069
0.6517999,0.208910224,1,1,30,11,1,4,2,0,2,1,1,2,3,3,3,3,1,1,0,3,4,3,3,3,3,0,1,6000,4,1,1,2,0.064,0.0406
0.7051368,0.193718901,3,1,33,13,1,4,1,0,1,1,2,3,2,2,2,3,1,2,1,4,4,2,2,2,1,3,1,5000,4,0,0,3,0.035,0.0528
0.6537619,0.217920633,5,1,41,14,0,4,2,1,0,4,2,4,4,1,3,3,2,2,1,2,3,0,3,3,3,3,0,5000,4,1,1,3,0.071,0.1282
0.6004399,0.682318068,2,0,25,10,0,1,2,0,2,4,2,2,3,0,2,3,2,2,1,4,4,3,3,1,2,3,0,3000,1,1,1,2,0.039,0.0898
0.548179,0.076135972,3,0,63,12,1,9,2,1,2,2,2,3,3,2,2,4,1,1,1,3,2,2,1,2,1,2,1,5000,9,0,1,2,0.046,0.093
0.62639,0.355903409,1,0,30,13,0,2,1,0,0,4,2,3,1,2,3,3,1,2,1,3,2,2,3,1,1,1,0,5000,2,1,0,2,0.023,0.145
0.7221016,0.165619633,2,1,56,12,0,6,1,1,1,1,2,3,2,3,3,3,1,1,1,3,3,3,3,2,3,3,0,5500,6,1,0,2,0.083,0.1182
0.6371564,0.884939444,1,1,21,11,0,1,1,0,2,4,2,2,3,1,4,3,1,1,1,4,2,4,3,1,3,2,1,5000,1,1,1,3,0.076,0.1768
0.6249307,0.131287962,5,1,44,8,1,6,2,1,0,1,1,2,3,3,1,4,1,1,0,3,1,3,3,2,2,2,1,6500,6,1,1,3,0.051,0.1026
0.7127343,0.7127343,3,1,24,9,0,1,1,0,2,1,1,2,3,3,2,3,1,1,1,3,3,1,0,1,2,3,1,6000,1,0,1,2,0.084,0.1362
0.7709794,0.326686186,2,1,30,8,1,3,1,0,2,1,1,2,2,2,2,3,1,0,1,1,4,0,3,1,3,3,0,7000,3,1,0,2,0.355,0.1202
0.5060111,0.13457742,2,1,60,13,0,4,2,1,0,4,2,2,4,3,4,5,1,1,0,1,2,2,3,1,3,2,1,4000,4,1,1,2,0.036,0.0452
0.5438825,0.222902664,1,1,52,9,1,3,2,1,0,1,2,3,0,2,4,3,0,2,1,4,4,4,4,2,1,4,1,5000,3,0,0,2,0.02,0.1306
0.5691072,0.139487059,8,1,52,10,1,4,1,1,0,2,2,3,3,2,3,3,0,2,1,3,2,3,3,2,3,1,1,6000,5,0,1,2,0.03,0.092
0.5658514,0.442071406,1,1,46,12,0,2,2,1,0,2,2,3,3,2,3,4,1,2,1,3,4,2,4,4,4,2,1,3000,2,1,1,2,0.013,0.1102
0.585997,0.311700532,6,1,48,11,1,2,2,1,1,1,2,3,1,3,2,3,1,2,0,0,4,3,1,2,4,2,1,5000,2,1,0,2,0.025,0.0622
0.5517955,0.186417399,2,1,67,9,1,4,1,1,0,2,2,3,3,3,3,3,1,2,0,3,3,3,4,2,4,1,1,7000,4,1,1,2,0.02,0.108
0.5946393,0.190589519,3,1,65,8,1,4,2,1,1,4,2,3,2,1,3,3,0,1,0,2,3,2,3,4,1,1,1,7000,4,1,0,2,0.03,0.1682
0.5424512,0.616421818,2,0,25,11,0,1,2,0,0,1,2,2,2,0,4,2,0,2,1,3,3,3,2,1,3,2,1,5000,1,0,0,2,0.012,0.0526
0.5979208,0.216637971,5,1,45,12,1,3,1,1,0,1,2,3,4,3,3,2,0,2,1,4,3,3,3,3,3,3,1,8000,3,0,1,2,0.021,0.0542
0.5642009,0.19590309,1,1,47,10,0,3,2,1,1,4,1,3,3,1,1,4,0,0,0,2,2,3,3,1,3,3,1,5000,3,1,1,2,0.015,0.0704
0.5909695,0.149234722,1,1,52,8,1,4,1,1,0,2,2,3,4,1,3,4,0,2,1,3,3,0,3,3,3,1,1,7000,4,1,1,2,0.014,0.165
0.5876034,0.185950443,2,1,50,15,1,4,1,1,0,2,2,3,3,3,3,3,0,2,1,3,3,3,3,3,3,1,1,8000,4,1,1,2,0.02,0.115
0.5534509,0.134332743,8,1,50,10,1,5,2,1,0,1,2,3,3,3,2,1,0,1,1,3,3,1,3,3,3,3,0,5000,5,1,1,2,0.019,0.1308
0.7693858,0.601082656,2,0,64,11,0,2,1,1,0,0,2,2,2,3,3,4,0,0,1,2,2,2,2,2,2,3,1,2000,2,0,0,1,0.03,0.0886
0.5369712,0.220070164,8,1,56,12,1,3,2,1,1,4,1,3,3,1,1,2,1,2,1,3,3,1,3,1,3,3,0,1500,3,1,1,2,0.071,0.198
0.7631506,0.40593117,1,1,43,11,0,2,1,0,0,2,1,2,3,1,3,5,0,0,0,2,3,1,3,3,2,3,1,1000,2,1,1,1,0.065,0.352
0.7070276,0.310099825,1,0,60,7,0,1,1,1,0,3,2,2,3,3,0,5,0,1,0,3,3,1,3,3,2,3,1,1000,3,1,1,2,0.035,0.246
0.5205193,0.142999808,8,1,54,10,1,2,2,1,2,4,2,3,3,2,0,4,2,2,1,3,2,3,3,3,3,3,0,6000,4,1,1,2,0.04,0.1144
0.4603531,0.100076761,3,1,48,13,1,6,2,1,1,2,2,3,3,2,3,5,0,1,1,3,3,3,3,3,3,3,1,5000,6,1,1,2,0.035,0.1034
0.57614,0.156559783,3,1,39,10,1,5,2,0,0,0,2,3,4,1,3,3,1,1,1,4,2,3,3,1,3,2,1,6000,5,1,1,2,0.023,0.1126
0.6895027,0.23941066,2,1,32,10,1,3,2,0,1,0,1,2,3,3,3,3,0,0,1,3,3,1,2,3,3,3,1,3000,3,0,1,2,0.027,0.1176
0.6865789,0.536389766,2,0,48,11,0,2,1,1,0,3,2,2,4,4,4,3,1,1,1,4,4,4,4,3,3,4,1,4000,2,1,1,1,0.052,0.168
0.5856153,0.126210194,3,1,50,9,1,5,2,1,1,4,0,3,3,2,3,4,0,0,0,3,2,1,0,3,1,4,1,5000,5,0,1,3,0.024,0.076
0.5988528,0.253751186,1,1,28,10,1,3,1,1,1,0,2,3,3,3,3,3,0,0,1,3,3,4,3,1,3,3,1,5000,3,1,1,2,0.03,0.0624
0.5568683,0.178483429,3,1,52,12,1,5,2,1,0,2,2,3,3,2,3,5,2,1,0,2,2,2,4,1,2,1,1,6500,4,1,1,3,0.005,0.0484
0.6054687,0.152896136,8,0,47,11,0,4,2,1,2,1,2,3,4,4,3,4,2,1,1,4,3,1,4,1,4,3,0,5000,5,1,1,3,0.031,0.0992
0.5834997,0.205457641,1,1,44,14,1,3,2,1,0,0,2,3,3,2,1,4,0,2,1,2,2,4,0,4,4,4,1,8000,3,0,1,2,0,0.1188
0.597009,0.173549128,3,1,36,10,1,4,1,0,1,0,1,3,3,2,3,7,1,1,1,2,1,1,0,3,4,3,1,2500,4,0,1,2,0.093,0.474
0.4850682,0.157489675,3,1,24,11,1,3,1,0,0,1,2,3,4,2,4,3,2,2,1,3,3,2,3,3,2,3,1,7500,3,1,1,1,0.066,0.154
0.5438211,0.176565292,2,1,32,11,1,4,1,0,1,3,2,3,3,2,3,2,0,1,1,3,3,3,3,2,2,3,1,7000,4,1,1,2,0.04,0.094
0.7102162,0.174072598,8,1,24,13,0,1,1,0,0,0,0,0,1,2,1,7,2,0,1,3,3,1,3,3,3,3,0,3000,5,1,0,2,0.05,0.136
0.5780225,0.218947917,5,0,41,10,0,4,2,1,0,1,2,2,3,1,1,4,0,1,0,3,3,3,3,3,1,3,1,5000,4,0,1,2,0.068,0.1044
0.6445768,0.17143,8,1,24,11,0,1,1,0,0,0,0,1,2,2,3,2,2,0,0,3,3,2,3,3,1,3,0,1500,4,0,0,2,0.035,0.544
0.5199518,0.127439167,1,1,50,10,1,7,1,1,2,1,1,3,1,3,3,7,0,1,1,2,3,1,3,3,3,3,1,5000,5,1,0,2,0.031,0.0542
0.528612,0.176204,2,1,39,12,1,4,2,1,0,2,2,3,3,1,0,5,0,1,1,3,3,3,3,2,3,3,1,5000,4,0,1,1,0.03,0.264
0.6268014,0.1667025,3,1,67,9,1,4,2,1,1,4,0,3,1,1,3,5,0,0,1,3,1,1,3,3,0,1,1,2000,4,1,0,2,0.082,0.1006
0.5293691,0.124851203,3,1,48,10,1,5,2,1,0,3,1,3,3,2,3,4,0,0,1,3,2,3,3,3,3,1,1,4000,5,1,1,2,0.021,0.0632
0.5116689,0.089452605,6,1,52,11,1,7,2,1,0,3,1,3,4,1,2,5,0,1,1,2,3,0,0,2,3,1,1,5000,7,0,1,3,0.07,0.302
0.6729692,0.177097158,5,0,31,12,0,5,2,1,0,1,2,3,3,2,4,7,0,0,1,3,2,1,4,2,4,4,1,5000,5,1,1,2,0.045,0.0526
0.6391118,0.190211845,1,0,31,16,0,4,2,1,0,2,0,2,3,2,3,7,0,0,1,4,4,4,3,4,4,4,1,3000,4,1,1,2,0.044,0.0244
0.4553591,0.192948771,7,1,25,8,1,3,1,0,2,4,2,3,4,4,3,2,2,1,0,4,2,4,1,4,4,3,0,2000,3,0,1,2,0.094,0.0786
0.6417165,0.2139055,1,1,57,9,1,6,2,1,0,0,0,2,3,2,1,4,0,0,0,3,1,1,2,3,3,3,1,5000,4,0,1,2,0.035,0.172
0.5798898,0.201350625,2,0,40,10,1,4,1,1,0,1,2,3,2,1,4,3,0,2,1,2,4,2,4,2,4,4,1,6000,3,1,0,2,0.041,0.496
0.571554,0.226807143,1,0,53,12,1,3,2,1,0,1,2,3,4,4,4,3,0,2,0,4,3,4,2,2,4,4,1,6000,3,0,1,1,0.024,0.1258
0.552954,0.628356818,1,0,29,13,0,1,1,0,0,2,2,3,4,2,3,3,0,2,0,4,4,3,2,1,2,3,1,5000,1,0,1,1,0.015,0.0448
0.5804234,0.219857348,5,1,58,13,1,3,1,1,0,2,2,3,4,1,4,3,0,2,0,2,3,4,4,1,4,4,1,6000,3,1,1,1,0.021,0.0434
0.5540605,0.166885693,3,1,61,7,1,4,2,1,0,3,2,3,2,0,4,4,0,2,1,4,4,4,4,4,4,4,1,5000,4,1,0,2,0.03,0.126
0.6284932,0.714196818,1,0,30,11,1,3,1,1,0,3,2,3,4,2,4,2,1,2,0,3,4,4,4,3,4,3,1,5000,1,1,1,2,0,0.0444
0.6001955,0.205546404,4,1,43,10,1,4,1,1,0,3,2,3,4,2,2,4,1,2,0,3,4,4,4,3,2,3,1,4000,4,1,1,2,0.012,0.1444
0.6019822,0.320203298,1,1,25,11,1,2,1,1,0,1,2,3,4,1,4,2,0,2,0,4,4,3,4,4,4,1,1,8000,2,1,1,2,0.01,0.0632
0.5899941,0.213765978,1,1,31,11,1,3,1,1,0,2,2,3,3,3,4,2,0,2,0,2,4,0,1,4,4,1,1,8000,3,0,1,2,0.02,0.282
0.5834703,0.310356543,2,0,36,9,1,2,1,1,0,1,2,3,4,4,4,3,1,2,0,4,4,2,3,1,4,2,1,5000,2,0,1,2,0.02,0.0816
0.5448223,0.33220872,1,0,38,10,1,2,1,1,0,1,2,3,3,2,2,4,1,2,1,1,2,0,4,1,4,2,1,3000,2,0,1,2,0.03,0.0732
0.5790499,0.314701033,1,0,25,13,1,3,1,1,0,3,2,3,3,1,4,4,0,2,1,4,0,4,4,1,4,1,1,5000,3,1,1,2,0.03,0.176
0.5846055,0.281060337,3,0,24,13,1,3,1,1,1,1,2,3,4,1,4,6,0,2,1,4,4,4,4,4,4,1,1,3000,3,1,1,2,0.022,0.127
0.5977849,0.281974009,1,0,35,11,1,1,1,1,0,1,2,3,4,4,4,2,1,2,1,3,3,3,4,3,3,1,1,1500,3,0,1,2,0.035,0.376
0.6347522,0.208800066,5,0,37,10,0,3,2,0,0,4,2,3,2,2,2,4,1,1,1,3,2,2,3,3,3,3,1,5000,4,1,0,2,0.036,0.0918
0.6540637,0.743254205,1,1,25,9,0,1,1,0,0,1,1,1,3,4,1,2,0,1,0,1,2,2,2,1,3,4,1,2000,1,0,1,3,0,0.101
0.5447475,0.103959447,4,1,61,8,1,6,1,1,1,0,1,3,4,3,2,4,1,1,0,1,1,3,2,2,4,4,1,3500,6,0,1,3,0.006,0.1096
0.5759524,0.654491364,2,0,51,11,0,1,1,0,0,1,2,3,4,2,2,6,1,1,1,2,1,3,4,3,3,4,1,3000,1,1,1,3,0.02,0.0586
0.524359,0.2621795,1,1,58,8,0,2,1,1,1,4,2,3,3,3,2,3,1,1,1,2,4,0,3,2,1,3,0,5000,2,1,1,2,0.01,0.272
0.5463158,0.401702794,2,0,42,15,1,2,1,1,0,1,1,3,3,2,4,4,1,1,0,3,2,4,3,2,3,4,0,5000,2,1,1,2,0.012,0.0494
0.5361071,0.174060747,4,1,70,5,1,4,1,1,1,1,1,3,3,0,2,3,1,1,1,3,1,2,1,4,3,2,1,4000,4,0,1,2,0.014,0.0998
0.4718876,0.251004043,1,0,40,7,0,2,1,0,2,4,1,3,4,2,1,5,1,1,1,3,2,4,4,3,2,1,0,6000,2,1,1,2,0.028,0.0984
0.6735974,0.3367987,2,1,47,11,0,2,2,0,1,0,1,3,2,3,3,4,2,1,1,2,3,3,1,4,3,2,0,3000,2,0,0,2,0.001,0.06
0.7221153,0.7221153,2,1,29,6,0,1,1,0,2,2,1,3,2,1,4,5,1,2,1,3,4,3,2,4,4,3,1,5000,1,0,0,2,0.002,0.0834
0.6539488,0.340598333,3,0,42,8,0,3,1,1,1,1,2,3,4,3,2,5,1,1,0,3,2,3,4,3,2,4,1,3000,3,1,1,2,0.018,0.0652
0.6032412,0.179536071,1,1,53,8,1,4,1,1,1,3,0,3,4,2,3,3,1,1,1,3,2,3,1,3,3,2,1,6000,4,0,1,2,0.014,0.0972
0.6525345,0.267432172,1,1,44,15,1,5,1,0,0,3,1,2,3,2,3,3,1,1,0,4,3,1,3,3,4,3,1,6000,3,1,1,2,0.015,0.0582
0.6055772,0.6055772,3,1,29,14,0,1,1,0,0,1,1,3,1,1,4,3,1,1,1,3,3,2,4,4,3,4,0,8000,1,1,0,2,0.023,0.0214
0.6367353,0.723562841,2,0,55,12,0,1,1,0,0,1,2,3,4,3,3,2,1,0,1,4,4,3,2,4,4,3,1,3000,1,0,1,2,0.01,0.036
0.6397159,0.205037147,2,1,42,10,1,4,2,1,0,3,1,3,4,3,2,4,1,1,0,3,2,3,2,3,2,2,1,3000,4,0,1,3,0.01,0.149
0.6268764,0.142471909,7,1,32,9,1,3,1,1,0,1,1,3,3,2,3,4,1,0,0,3,2,4,0,2,3,3,0,3000,5,0,1,3,0,0.064
0.703942,0.244424306,1,1,29,10,1,3,1,0,1,0,1,3,3,2,3,3,1,1,0,4,2,4,3,2,3,3,0,2500,3,1,1,2,0.024,0.0478
0.6412353,0.6412353,3,1,25,13,0,1,1,0,0,2,1,3,2,1,3,3,1,1,1,3,4,1,4,3,2,3,0,2000,1,0,0,2,0.003,0.0676
0.5967375,0.216209239,2,1,37,11,1,3,2,1,1,1,1,3,3,2,2,3,1,1,1,4,2,2,4,3,3,4,1,5000,3,1,1,3,0.01,0.06
0.6509779,0.211356461,4,1,80,7,1,4,2,1,1,3,1,3,4,2,3,5,1,1,1,2,1,2,3,3,2,3,1,3000,4,1,1,2,0.002,0.0236
0.6107287,0.250298648,2,0,60,13,0,4,1,1,0,3,2,3,4,2,3,6,1,1,1,2,4,3,2,4,3,4,1,3500,3,0,1,1,0.012,0.264
0.6293057,0.715120114,2,0,32,12,0,1,1,1,1,2,2,3,4,3,2,2,1,1,0,4,3,2,2,3,3,2,1,3500,1,1,1,1,0.011,0.0876
0.5939642,0.315938404,2,1,25,10,1,2,2,0,0,2,1,2,4,2,2,5,1,1,1,3,2,3,2,2,4,4,1,3000,2,0,1,2,0.011,0.0908
0.6311142,0.246528984,1,0,25,10,0,3,2,1,0,2,0,3,2,3,3,4,1,0,1,2,3,2,3,3,2,2,1,5000,3,1,0,2,0.016,0.0914
0.6027431,0.255399619,3,1,27,12,1,3,2,0,0,1,1,3,3,1,3,4,1,1,1,3,2,3,0,3,3,4,1,3000,3,0,1,2,0.07,0.266
0.6322321,0.213591926,8,1,30,11,0,1,1,1,0,1,1,3,1,2,3,3,1,1,1,4,4,0,3,3,3,4,0,3000,4,1,0,2,0,0.053
0.6506821,0.235754384,2,0,43,16,0,3,2,1,1,1,1,3,4,2,4,2,1,0,0,3,3,3,4,4,1,4,0,2500,3,0,1,2,0.01,0.156
0.5943497,0.128092608,1,1,58,9,1,5,1,1,2,3,2,3,4,2,1,4,0,1,1,3,2,3,3,3,3,4,1,3000,5,1,1,2,0.02,0.254
0.628435,0.201421474,8,1,24,16,1,2,1,0,0,1,1,3,4,0,2,5,0,1,1,4,3,3,3,3,3,4,0,2500,4,1,1,2,0.022,0.0406
0.7437949,0.269490906,8,0,34,15,1,3,1,1,0,3,1,3,4,1,2,4,1,1,1,4,2,1,0,2,1,3,1,3000,3,0,1,2,0.015,0.343
0.7953867,0.261640362,2,1,29,11,0,1,1,1,0,2,2,2,3,1,2,3,2,1,0,2,4,2,3,1,2,3,0,2500,4,1,1,1,0.01,0.242
0.7505703,0.852920795,2,0,23,13,0,1,1,0,2,3,1,1,2,2,3,2,1,2,0,3,4,3,3,2,4,4,0,5000,1,1,0,2,0.01,0.0648
0.7137403,0.7137403,2,1,33,14,0,1,1,0,0,4,2,3,4,2,3,5,1,1,0,3,1,3,3,3,2,3,1,3000,1,1,1,2,0.002,0.0174
0.5903836,0.184494875,7,1,41,12,1,4,1,1,0,1,1,3,1,2,2,2,1,1,0,3,4,2,2,3,4,3,0,3000,4,0,0,2,0.017,0.251
0.652436,0.276455932,2,1,55,13,0,3,2,1,1,1,2,3,0,2,2,7,2,2,0,3,2,3,4,2,1,2,0,3000,3,1,0,3,0.035,0.11
0.5870685,0.244611875,5,0,32,14,0,1,1,1,0,4,1,3,4,3,3,4,0,1,1,3,3,1,0,4,1,3,0,2000,3,0,1,3,0.026,0.157
0.6239373,0.6239373,2,1,25,13,0,1,1,1,0,2,2,3,4,1,3,4,1,1,1,1,2,1,2,3,1,2,1,3000,1,0,1,3,0.021,0.1572
0.6424427,0.730048523,2,0,30,14,0,1,1,1,0,1,1,3,3,3,4,3,1,1,1,4,4,4,3,3,3,4,0,3000,1,1,1,2,0.043,0.182
0.6018309,0.122323354,8,0,49,11,1,5,1,1,0,1,1,3,4,2,3,4,1,1,1,2,4,2,3,3,2,3,0,5000,6,1,1,2,0.06,0.0378
0.5754462,0.252388684,3,1,34,13,1,3,2,1,1,4,1,3,4,3,4,4,1,1,0,2,3,3,3,3,3,3,0,3000,3,1,1,2,0.044,0.176
0.5672572,0.164900349,2,1,45,9,1,4,2,1,1,4,2,1,3,3,1,6,1,1,1,3,4,4,3,4,3,3,1,2000,4,0,1,2,0.023,0.254
0.55965,0.437226563,1,0,31,10,0,2,2,0,2,1,1,3,4,3,2,3,1,1,1,4,3,0,4,3,4,2,1,5000,2,0,1,3,0.04,0.224
0.5470054,0.110283347,8,1,45,10,1,3,2,1,0,1,1,3,3,3,4,4,1,1,0,3,3,0,2,3,4,3,0,4000,5,0,1,3,0.011,0.728
0.6343591,0.198237219,3,0,49,11,1,4,2,0,2,4,1,3,4,3,2,4,1,1,0,4,4,3,3,3,3,3,1,3000,4,1,1,2,0.063,0.172
0.6011627,0.6011627,2,1,30,15,0,1,2,0,0,1,2,1,4,3,2,3,0,1,0,3,4,3,4,3,3,3,0,3000,1,1,1,2,0.032,0.071
0.6086714,0.211344236,2,1,58,10,1,3,2,1,0,0,2,2,2,2,2,5,0,1,1,2,1,2,2,2,1,1,1,5000,3,0,0,1,0.001,0.0504
0.5686218,0.152855323,3,1,36,7,1,5,1,1,1,4,1,3,4,3,3,3,1,2,0,4,3,1,3,3,2,3,0,5000,5,1,1,3,0.032,0.0588
0.6041698,0.247610574,8,1,51,12,1,3,1,1,1,1,1,3,4,3,2,3,1,2,0,4,4,4,1,1,3,4,1,5000,3,0,1,2,0.087,0.0246
0.5557641,0.195691585,2,0,28,10,0,4,2,0,0,1,2,1,4,2,4,3,1,1,0,4,4,3,2,1,2,3,0,4000,4,0,1,3,0.12,0.204
0.4558308,0.130985862,1,1,42,13,0,5,2,1,0,2,1,3,4,2,4,5,1,2,0,4,3,4,3,1,4,0,1,3000,5,1,1,3,0.011,0.0358
0.6152441,0.187574421,8,0,31,11,1,3,2,1,1,2,1,3,3,3,3,4,1,1,0,2,4,2,4,4,3,3,0,3000,4,1,1,3,0.116,0.0272
0.5982265,0.679802841,1,0,29,12,0,1,2,0,0,3,1,3,4,3,3,2,2,2,1,2,4,3,4,3,2,3,1,2500,1,0,1,2,0.012,0.0614
0.5885681,0.127949587,6,0,66,12,1,5,2,1,1,3,1,3,2,2,3,4,1,1,1,3,2,1,3,2,2,3,1,3000,5,1,0,1,0.004,0.0522
0.6480692,1.157266429,2,0,26,11,0,1,2,0,1,3,1,3,4,4,4,4,1,1,1,4,3,0,1,2,2,3,0,2500,1,0,1,2,0.024,0.0662
0.5723812,0.160781236,3,1,31,16,1,4,2,0,1,1,1,3,4,3,3,4,1,1,1,3,3,3,3,4,2,4,1,3000,4,1,1,2,0.073,0.0278
0.5934271,0.168587244,5,1,44,15,1,4,2,1,0,2,1,3,3,2,2,5,1,1,0,3,2,4,3,2,3,0,0,5000,4,1,1,2,0.041,0.0156
0.66204,0.280525424,5,1,30,10,0,1,2,1,1,1,2,2,3,1,3,4,1,1,1,3,3,3,3,4,3,2,0,3000,3,0,1,2,0.066,0.0424
0.5296551,0.281731436,1,1,60,7,1,4,1,1,1,1,1,3,4,3,3,2,1,1,1,2,2,3,3,4,4,4,0,1500,2,1,1,2,0.032,0.1106
0.6252704,0.159507755,6,1,47,10,0,2,2,1,1,2,1,3,3,2,3,3,0,1,1,1,2,2,4,3,1,3,0,3000,5,1,1,2,0.063,0.008
0.6286221,0.2095407,8,0,32,11,0,1,2,1,2,2,1,3,4,1,4,3,1,1,0,4,4,0,2,2,2,4,0,3000,4,0,1,3,0.003,0.0286
0.5522904,0.146885745,8,0,27,13,0,1,2,0,2,2,1,2,4,1,3,5,1,1,1,3,4,1,3,4,1,4,0,2500,5,1,1,2,0.013,0.0838
0.6351823,0.160399571,2,1,38,12,1,4,1,1,1,3,1,1,3,2,1,3,1,0,1,4,1,2,3,3,3,2,0,5000,4,1,1,3,0.004,0.0234
0.5762167,0.27702726,8,0,28,11,0,2,2,0,2,3,1,3,4,1,2,4,1,1,0,2,2,3,0,2,0,1,1,2500,2,0,1,3,0.043,0.0548
0.6576424,0.269525574,2,1,31,10,1,3,2,1,1,1,1,1,1,3,3,5,0,1,1,3,2,3,0,3,3,0,0,2500,3,0,0,2,0.021,0.0872
0.6698669,0.293801272,1,1,33,14,0,3,2,1,0,4,1,3,4,1,4,3,1,2,1,3,4,4,3,1,4,0,0,3000,3,1,1,2,0.017,0.0702
0.700469,0.7959875,4,0,30,10,0,1,2,0,1,1,1,2,4,0,2,4,1,1,1,2,1,3,3,1,4,3,0,2500,1,1,1,2,0.035,0.0722
0.6203388,0.704930455,2,1,24,11,0,1,2,0,1,3,1,2,3,2,1,3,0,1,0,2,4,3,0,1,1,3,0,2000,1,0,1,1,0.04,0.184
0.588956,0.161801099,3,1,35,8,1,4,2,1,2,2,1,3,3,4,3,4,1,1,1,4,1,4,1,4,3,3,0,3500,4,0,1,1,0.055,0.1696
0.6030951,0.289949567,2,0,34,12,1,3,1,0,0,3,2,1,4,4,3,4,1,2,1,0,1,4,4,3,1,2,0,3200,3,1,1,2,0.016,0.065
0.6001237,0.161323575,8,0,30,11,0,1,2,1,2,3,1,2,2,1,2,3,2,1,0,4,3,1,3,2,3,4,1,2000,5,1,0,2,0.021,0.0756
0.6917661,0.786097841,1,1,27,11,0,1,1,0,1,3,1,3,4,3,3,4,2,1,1,3,2,0,3,3,4,3,0,2000,1,0,1,1,0.04,0.0622
0.6802755,0.36184867,7,0,42,9,0,2,2,1,2,4,1,3,4,3,4,3,2,2,1,4,2,3,3,3,2,3,0,2500,2,1,1,2,0.023,0.1944
0.6531624,0.276763729,2,1,28,12,1,3,1,0,1,1,1,1,1,2,4,4,0,1,1,2,4,4,4,1,4,4,1,5000,3,1,0,1,0.036,0.0486
0.594968,0.354147619,3,0,38,8,0,2,1,1,0,3,2,3,4,2,3,4,1,1,0,3,2,3,2,4,1,3,0,3000,2,0,1,3,0.01,0.0808
0.5504649,0.225600369,1,0,35,11,0,3,1,1,1,2,2,3,3,3,4,3,1,2,1,3,3,3,4,1,3,2,0,7000,3,1,1,2,0.016,0.11
0.5853113,0.146327825,8,1,30,11,0,1,1,1,0,3,2,3,2,2,2,3,1,2,1,4,4,1,1,1,4,3,1,3000,5,1,0,3,0.013,0.0628
